"qtd","co_municip","sigla_uf","ds_grupo_habilitacao"
"48","411370","PR","REFERENCIA HOSPITALAR EM ATENDIMENTO TERCIARIO A GESTACAO DE ALTO RISCO"
"33","293330","BA","REFERENCIA HOSPITALAR EM ATENDIMENTO SECUNDARIO A GESTACAO DE ALTO RISCO"
"33","313820","MG","REFERENCIA HOSPITALAR EM ATENDIMENTO SECUNDARIO A GESTACAO DE ALTO RISCO"
"79","310670","MG","ATENÇÃO HOSPITALAR DE REFERÊNCIA À GESTAÇÃO DE ALTO RISCO TIPO II"
"79","150170","PA","ATENÇÃO HOSPITALAR DE REFERÊNCIA À GESTAÇÃO DE ALTO RISCO TIPO II"
"79","420480","SC","ATENÇÃO HOSPITALAR DE REFERÊNCIA À GESTAÇÃO DE ALTO RISCO TIPO II"
"81","316470","MG","REFERENCIA HOSPITALAR EM ATENDIMENTO SECUNDARIO A GESTACAO DE ALTO RISCO"
"79","354890","SP","ATENÇÃO HOSPITALAR DE REFERÊNCIA À GESTAÇÃO DE ALTO RISCO TIPO II"
"23","314800","MG","REFERENCIA HOSPITALAR EM ATENDIMENTO SECUNDARIO A GESTACAO DE ALTO RISCO"
"24","221100","PI","REFERENCIA HOSPITALAR EM ATENDIMENTO TERCIARIO A GESTACAO DE ALTO RISCO"
"55","313670","MG","ATENÇÃO HOSPITALAR DE REFERÊNCIA À GESTAÇÃO DE ALTO RISCO TIPO II"
"119","500270","MS","ATENÇÃO HOSPITALAR DE REFERÊNCIA À GESTAÇÃO DE ALTO RISCO TIPO II"
"3","354850","SP","ATENCAO HOSPITALAR DE REFERENCIA A GESTACAO DE ALTO RISCO TIPO II (GAR II)"
"6","211130","MA","ATENCAO HOSPITALAR DE REFERENCIA A GESTACAO DE ALTO RISCO TIPO II (GAR II)"
"15","261160","PE","ATENCAO HOSPITALAR DE REFERENCIA A GESTACAO DE ALTO RISCO TIPO II (GAR II)"
"3","500370","MS","ATENCAO HOSPITALAR DE REFERENCIA A GESTACAO DE ALTO RISCO TIPO II (GAR II)"
"11","316860","MG","CASA DA GESTANTE, BEBE E PUERPERA"
"3","150080","PA","ATENCAO HOSPITALAR DE REFERENCIA A GESTACAO DE ALTO RISCO TIPO II (GAR II)"
"3","293330","BA","ATENCAO HOSPITALAR DE REFERENCIA A GESTACAO DE ALTO RISCO TIPO II (GAR II)"
"3","311340","MG","ATENCAO HOSPITALAR DE REFERENCIA A GESTACAO DE ALTO RISCO TIPO I (GAR I)"
"8","260410","PE","ATENÇÃO HOSPITALAR DE REFERÊNCIA À GESTAÇÃO DE ALTO RISCO TIPO I"
"8","350280","SP","ATENÇÃO HOSPITALAR DE REFERÊNCIA À GESTAÇÃO DE ALTO RISCO TIPO II"
"34","351550","SP","REFERENCIA HOSPITALAR EM ATENDIMENTO SECUNDARIO A GESTACAO DE ALTO RISCO"
"24","270430","AL","REFERENCIA HOSPITALAR EM ATENDIMENTO TERCIARIO A GESTACAO DE ALTO RISCO"
"24","313670","MG","REFERENCIA HOSPITALAR EM ATENDIMENTO TERCIARIO A GESTACAO DE ALTO RISCO"
"25","352940","SP","REFERENCIA HOSPITALAR EM ATENDIMENTO SECUNDARIO A GESTACAO DE ALTO RISCO"
"34","351060","SP","REFERENCIA HOSPITALAR EM ATENDIMENTO SECUNDARIO A GESTACAO DE ALTO RISCO"
"82","140010","RR","REFERENCIA HOSPITALAR EM ATENDIMENTO SECUNDARIO A GESTACAO DE ALTO RISCO"
"33","316930","MG","REFERENCIA HOSPITALAR EM ATENDIMENTO SECUNDARIO A GESTACAO DE ALTO RISCO"
"79","355280","SP","ATENÇÃO HOSPITALAR DE REFERÊNCIA À GESTAÇÃO DE ALTO RISCO TIPO II"
"81","320530","ES","REFERENCIA HOSPITALAR EM ATENDIMENTO TERCIARIO A GESTACAO DE ALTO RISCO"
"80","410140","PR","REFERENCIA HOSPITALAR EM ATENDIMENTO TERCIARIO A GESTACAO DE ALTO RISCO"
"79","350550","SP","ATENÇÃO HOSPITALAR DE REFERÊNCIA À GESTAÇÃO DE ALTO RISCO TIPO I"
"25","220770","PI","REFERENCIA HOSPITALAR EM ATENDIMENTO SECUNDARIO A GESTACAO DE ALTO RISCO"
"56","355240","SP","ATENÇÃO HOSPITALAR DE REFERÊNCIA À GESTAÇÃO DE ALTO RISCO TIPO II"
"61","261160","PE","CASA DA GESTANTE, BEBE E PUERPERA"
"33","430780","RS","ATENÇÃO HOSPITALAR DE REFERÊNCIA À GESTAÇÃO DE ALTO RISCO TIPO I"
"35","231290","CE","CASA DA GESTANTE, BEBE E PUERPERA"
"56","354980","SP","ATENÇÃO HOSPITALAR DE REFERÊNCIA À GESTAÇÃO DE ALTO RISCO TIPO II"
"56","310560","MG","ATENÇÃO HOSPITALAR DE REFERÊNCIA À GESTAÇÃO DE ALTO RISCO TIPO II"
"53","352250","SP","ATENÇÃO HOSPITALAR DE REFERÊNCIA À GESTAÇÃO DE ALTO RISCO TIPO II"
"52","314390","MG","ATENÇÃO HOSPITALAR DE REFERÊNCIA À GESTAÇÃO DE ALTO RISCO TIPO I"
"49","352930","SP","CASA DA GESTANTE, BEBE E PUERPERA"
"35","210530","MA","CASA DA GESTANTE, BEBE E PUERPERA"
"18","310620","MG","ATENCAO HOSPITALAR DE REFERENCIA A GESTACAO DE ALTO RISCO TIPO II (GAR II)"
"3","353070","SP","ATENCAO HOSPITALAR DE REFERENCIA A GESTACAO DE ALTO RISCO TIPO II (GAR II)"
"3","120040","AC","ATENCAO HOSPITALAR DE REFERENCIA A GESTACAO DE ALTO RISCO TIPO I (GAR I)"
"3","120040","AC","ATENCAO HOSPITALAR DE REFERENCIA A GESTACAO DE ALTO RISCO TIPO II (GAR II)"
"3","261640","PE","ATENCAO HOSPITALAR DE REFERENCIA A GESTACAO DE ALTO RISCO TIPO II (GAR II)"
"3","412810","PR","ATENCAO HOSPITALAR DE REFERENCIA A GESTACAO DE ALTO RISCO TIPO II (GAR II)"
"3","240325","RN","ATENCAO HOSPITALAR DE REFERENCIA A GESTACAO DE ALTO RISCO TIPO II (GAR II)"
"3","353440","SP","ATENCAO HOSPITALAR DE REFERENCIA A GESTACAO DE ALTO RISCO TIPO II (GAR II)"
"3","317010","MG","ATENCAO HOSPITALAR DE REFERENCIA A GESTACAO DE ALTO RISCO TIPO II (GAR II)"
"7","317130","MG","ATENÇÃO HOSPITALAR DE REFERÊNCIA À GESTAÇÃO DE ALTO RISCO TIPO II"
"24","250400","PB","REFERENCIA HOSPITALAR EM ATENDIMENTO SECUNDARIO A GESTACAO DE ALTO RISCO"
"24","230190","CE","REFERENCIA HOSPITALAR EM ATENDIMENTO TERCIARIO A GESTACAO DE ALTO RISCO"
"82","261640","PE","CASA DA GESTANTE, BEBE E PUERPERA"
"81","420540","SC","REFERENCIA HOSPITALAR EM ATENDIMENTO TERCIARIO A GESTACAO DE ALTO RISCO"
"24","352690","SP","REFERENCIA HOSPITALAR EM ATENDIMENTO TERCIARIO A GESTACAO DE ALTO RISCO"
"111","330455","RJ","REFERENCIA HOSPITALAR EM ATENDIMENTO SECUNDARIO A GESTACAO DE ALTO RISCO"
"24","313130","MG","REFERENCIA HOSPITALAR EM ATENDIMENTO SECUNDARIO A GESTACAO DE ALTO RISCO"
"24","310160","MG","REFERENCIA HOSPITALAR EM ATENDIMENTO SECUNDARIO A GESTACAO DE ALTO RISCO"
"79","120040","AC","ATENÇÃO HOSPITALAR DE REFERÊNCIA À GESTAÇÃO DE ALTO RISCO TIPO II"
"81","355410","SP","REFERENCIA HOSPITALAR EM ATENDIMENTO TERCIARIO A GESTACAO DE ALTO RISCO"
"31","261110","PE","REFERENCIA HOSPITALAR EM ATENDIMENTO SECUNDARIO A GESTACAO DE ALTO RISCO"
"25","352440","SP","REFERENCIA HOSPITALAR EM ATENDIMENTO SECUNDARIO A GESTACAO DE ALTO RISCO"
"25","420890","SC","REFERENCIA HOSPITALAR EM ATENDIMENTO SECUNDARIO A GESTACAO DE ALTO RISCO"
"59","420240","SC","ATENÇÃO HOSPITALAR DE REFERÊNCIA À GESTAÇÃO DE ALTO RISCO TIPO II"
"54","260790","PE","ATENÇÃO HOSPITALAR DE REFERÊNCIA À GESTAÇÃO DE ALTO RISCO TIPO II"
"116","411370","PR","ATENÇÃO HOSPITALAR DE REFERÊNCIA À GESTAÇÃO DE ALTO RISCO TIPO II"
"33","430460","RS","ATENÇÃO HOSPITALAR DE REFERÊNCIA À GESTAÇÃO DE ALTO RISCO TIPO I"
"55","291480","BA","ATENÇÃO HOSPITALAR DE REFERÊNCIA À GESTAÇÃO DE ALTO RISCO TIPO II"
"25","292740","BA","CASA DA GESTANTE, BEBE E PUERPERA"
"12","351870","SP","ATENÇÃO HOSPITALAR DE REFERÊNCIA À GESTAÇÃO DE ALTO RISCO TIPO I"
"3","240810","RN","ATENCAO HOSPITALAR DE REFERENCIA A GESTACAO DE ALTO RISCO TIPO II (GAR II)"
"3","431340","RS","ATENCAO HOSPITALAR DE REFERENCIA A GESTACAO DE ALTO RISCO TIPO II (GAR II)"
"3","313240","MG","ATENCAO HOSPITALAR DE REFERENCIA A GESTACAO DE ALTO RISCO TIPO II (GAR II)"
"3","355240","SP","ATENCAO HOSPITALAR DE REFERENCIA A GESTACAO DE ALTO RISCO TIPO II (GAR II)"
"3","351300","SP","ATENCAO HOSPITALAR DE REFERENCIA A GESTACAO DE ALTO RISCO TIPO II (GAR II)"
"3","230190","CE","ATENCAO HOSPITALAR DE REFERENCIA A GESTACAO DE ALTO RISCO TIPO II (GAR II)"
"3","317020","MG","ATENCAO HOSPITALAR DE REFERENCIA A GESTACAO DE ALTO RISCO TIPO II (GAR II)"
"3","170210","TO","ATENCAO HOSPITALAR DE REFERENCIA A GESTACAO DE ALTO RISCO TIPO II (GAR II)"
"3","320500","ES","ATENCAO HOSPITALAR DE REFERENCIA A GESTACAO DE ALTO RISCO TIPO II (GAR II)"
"79","354140","SP","ATENÇÃO HOSPITALAR DE REFERÊNCIA À GESTAÇÃO DE ALTO RISCO TIPO I"
"24","350330","SP","REFERENCIA HOSPITALAR EM ATENDIMENTO TERCIARIO A GESTACAO DE ALTO RISCO"
"81","314330","MG","REFERENCIA HOSPITALAR EM ATENDIMENTO TERCIARIO A GESTACAO DE ALTO RISCO"
"79","353800","SP","ATENÇÃO HOSPITALAR DE REFERÊNCIA À GESTAÇÃO DE ALTO RISCO TIPO II"
"24","350750","SP","REFERENCIA HOSPITALAR EM ATENDIMENTO TERCIARIO A GESTACAO DE ALTO RISCO"
"79","500370","MS","ATENÇÃO HOSPITALAR DE REFERÊNCIA À GESTAÇÃO DE ALTO RISCO TIPO II"
"79","210530","MA","ATENÇÃO HOSPITALAR DE REFERÊNCIA À GESTAÇÃO DE ALTO RISCO TIPO II"
"25","170210","TO","REFERENCIA HOSPITALAR EM ATENDIMENTO SECUNDARIO A GESTACAO DE ALTO RISCO"
"68","420540","SC","ATENÇÃO HOSPITALAR DE REFERÊNCIA À GESTAÇÃO DE ALTO RISCO TIPO II"
"24","354980","SP","REFERENCIA HOSPITALAR EM ATENDIMENTO TERCIARIO A GESTACAO DE ALTO RISCO"
"64","312160","MG","CASA DA GESTANTE, BEBE E PUERPERA"
"35","140010","RR","CASA DA GESTANTE, BEBE E PUERPERA"
"9","351630","SP","ATENÇÃO HOSPITALAR DE REFERÊNCIA À GESTAÇÃO DE ALTO RISCO TIPO I"
"3","313670","MG","ATENCAO HOSPITALAR DE REFERENCIA A GESTACAO DE ALTO RISCO TIPO I (GAR I)"
"3","354980","SP","ATENCAO HOSPITALAR DE REFERENCIA A GESTACAO DE ALTO RISCO TIPO II (GAR II)"
"6","330455","RJ","ATENCAO HOSPITALAR DE REFERENCIA A GESTACAO DE ALTO RISCO TIPO I (GAR I)"
"3","312230","MG","ATENCAO HOSPITALAR DE REFERENCIA A GESTACAO DE ALTO RISCO TIPO II (GAR II)"
"3","430460","RS","ATENCAO HOSPITALAR DE REFERENCIA A GESTACAO DE ALTO RISCO TIPO I (GAR I)"
"3","313130","MG","ATENCAO HOSPITALAR DE REFERENCIA A GESTACAO DE ALTO RISCO TIPO II (GAR II)"
"3","350330","SP","ATENCAO HOSPITALAR DE REFERENCIA A GESTACAO DE ALTO RISCO TIPO II (GAR II)"
"3","314790","MG","ATENCAO HOSPITALAR DE REFERENCIA A GESTACAO DE ALTO RISCO TIPO II (GAR II)"
"3","250400","PB","ATENCAO HOSPITALAR DE REFERENCIA A GESTACAO DE ALTO RISCO TIPO II (GAR II)"
"3","350400","SP","ATENCAO HOSPITALAR DE REFERENCIA A GESTACAO DE ALTO RISCO TIPO II (GAR II)"
"3","355030","SP","ATENCAO HOSPITALAR DE REFERENCIA A GESTACAO DE ALTO RISCO TIPO I (GAR I)"
"1","431680","RS","ATENCAO HOSPITALAR DE REFERENCIA A GESTACAO DE ALTO RISCO TIPO II (GAR II)"
"113","520870","GO","REFERENCIA HOSPITALAR EM ATENDIMENTO SECUNDARIO A GESTACAO DE ALTO RISCO"
"25","172100","TO","REFERENCIA HOSPITALAR EM ATENDIMENTO SECUNDARIO A GESTACAO DE ALTO RISCO"
"82","250400","PB","CASA DA GESTANTE, BEBE E PUERPERA"
"79","250400","PB","ATENÇÃO HOSPITALAR DE REFERÊNCIA À GESTAÇÃO DE ALTO RISCO TIPO II"
"79","230190","CE","ATENÇÃO HOSPITALAR DE REFERÊNCIA À GESTAÇÃO DE ALTO RISCO TIPO II"
"24","310350","MG","REFERENCIA HOSPITALAR EM ATENDIMENTO SECUNDARIO A GESTACAO DE ALTO RISCO"
"114","510340","MT","REFERENCIA HOSPITALAR EM ATENDIMENTO SECUNDARIO A GESTACAO DE ALTO RISCO"
"79","240325","RN","ATENÇÃO HOSPITALAR DE REFERÊNCIA À GESTAÇÃO DE ALTO RISCO TIPO II"
"24","500270","MS","REFERENCIA HOSPITALAR EM ATENDIMENTO TERCIARIO A GESTACAO DE ALTO RISCO"
"79","354780","SP","ATENÇÃO HOSPITALAR DE REFERÊNCIA À GESTAÇÃO DE ALTO RISCO TIPO II"
"79","120040","AC","ATENÇÃO HOSPITALAR DE REFERÊNCIA À GESTAÇÃO DE ALTO RISCO TIPO I"
"33","320320","ES","REFERENCIA HOSPITALAR EM ATENDIMENTO TERCIARIO A GESTACAO DE ALTO RISCO"
"24","420930","SC","REFERENCIA HOSPITALAR EM ATENDIMENTO TERCIARIO A GESTACAO DE ALTO RISCO"
"24","354390","SP","REFERENCIA HOSPITALAR EM ATENDIMENTO TERCIARIO A GESTACAO DE ALTO RISCO"
"24","314330","MG","REFERENCIA HOSPITALAR EM ATENDIMENTO SECUNDARIO A GESTACAO DE ALTO RISCO"
"33","352390","SP","REFERENCIA HOSPITALAR EM ATENDIMENTO TERCIARIO A GESTACAO DE ALTO RISCO"
"48","310620","MG","REFERENCIA HOSPITALAR EM ATENDIMENTO SECUNDARIO A GESTACAO DE ALTO RISCO"
"33","120020","AC","REFERENCIA HOSPITALAR EM ATENDIMENTO SECUNDARIO A GESTACAO DE ALTO RISCO"
"79","355030","SP","ATENÇÃO HOSPITALAR DE REFERÊNCIA À GESTAÇÃO DE ALTO RISCO TIPO I"
"79","110020","RO","ATENÇÃO HOSPITALAR DE REFERÊNCIA À GESTAÇÃO DE ALTO RISCO TIPO II"
"33","355220","SP","REFERENCIA HOSPITALAR EM ATENDIMENTO TERCIARIO A GESTACAO DE ALTO RISCO"
"25","350550","SP","REFERENCIA HOSPITALAR EM ATENDIMENTO SECUNDARIO A GESTACAO DE ALTO RISCO"
"56","313130","MG","ATENÇÃO HOSPITALAR DE REFERÊNCIA À GESTAÇÃO DE ALTO RISCO TIPO II"
"55","314800","MG","ATENÇÃO HOSPITALAR DE REFERÊNCIA À GESTAÇÃO DE ALTO RISCO TIPO II"
"64","320150","ES","CASA DA GESTANTE, BEBE E PUERPERA"
"55","280030","SE","ATENÇÃO HOSPITALAR DE REFERÊNCIA À GESTAÇÃO DE ALTO RISCO TIPO II"
"61","316990","MG","ATENÇÃO HOSPITALAR DE REFERÊNCIA À GESTAÇÃO DE ALTO RISCO TIPO II"
"53","431340","RS","CASA DA GESTANTE, BEBE E PUERPERA"
"32","210300","MA","ATENÇÃO HOSPITALAR DE REFERÊNCIA À GESTAÇÃO DE ALTO RISCO TIPO II"
"3","314330","MG","ATENCAO HOSPITALAR DE REFERENCIA A GESTACAO DE ALTO RISCO TIPO II (GAR II)"
"3","410940","PR","ATENCAO HOSPITALAR DE REFERENCIA A GESTACAO DE ALTO RISCO TIPO II (GAR II)"
"7","520870","GO","ATENCAO HOSPITALAR DE REFERENCIA A GESTACAO DE ALTO RISCO TIPO II (GAR II)"
"3","221100","PI","ATENCAO HOSPITALAR DE REFERENCIA A GESTACAO DE ALTO RISCO TIPO II (GAR II)"
"3","314390","MG","ATENCAO HOSPITALAR DE REFERENCIA A GESTACAO DE ALTO RISCO TIPO I (GAR I)"
"3","420240","SC","ATENCAO HOSPITALAR DE REFERENCIA A GESTACAO DE ALTO RISCO TIPO II (GAR II)"
"3","260790","PE","ATENCAO HOSPITALAR DE REFERENCIA A GESTACAO DE ALTO RISCO TIPO II (GAR II)"
"11","316470","MG","CASA DA GESTANTE, BEBE E PUERPERA"
"25","412810","PR","REFERENCIA HOSPITALAR EM ATENDIMENTO SECUNDARIO A GESTACAO DE ALTO RISCO"
"25","353070","SP","REFERENCIA HOSPITALAR EM ATENDIMENTO SECUNDARIO A GESTACAO DE ALTO RISCO"
"44","530010","DF","REFERENCIA HOSPITALAR EM ATENDIMENTO SECUNDARIO A GESTACAO DE ALTO RISCO"
"33","317070","MG","REFERENCIA HOSPITALAR EM ATENDIMENTO SECUNDARIO A GESTACAO DE ALTO RISCO"
"33","230250","CE","REFERENCIA HOSPITALAR EM ATENDIMENTO SECUNDARIO A GESTACAO DE ALTO RISCO"
"24","120040","AC","REFERENCIA HOSPITALAR EM ATENDIMENTO SECUNDARIO A GESTACAO DE ALTO RISCO"
"134","230440","CE","ATENÇÃO HOSPITALAR DE REFERÊNCIA À GESTAÇÃO DE ALTO RISCO TIPO II"
"24","354340","SP","REFERENCIA HOSPITALAR EM ATENDIMENTO TERCIARIO A GESTACAO DE ALTO RISCO"
"24","315250","MG","REFERENCIA HOSPITALAR EM ATENDIMENTO TERCIARIO A GESTACAO DE ALTO RISCO"
"33","351880","SP","REFERENCIA HOSPITALAR EM ATENDIMENTO TERCIARIO A GESTACAO DE ALTO RISCO"
"33","230410","CE","REFERENCIA HOSPITALAR EM ATENDIMENTO SECUNDARIO A GESTACAO DE ALTO RISCO"
"24","315180","MG","REFERENCIA HOSPITALAR EM ATENDIMENTO SECUNDARIO A GESTACAO DE ALTO RISCO"
"33","350600","SP","REFERENCIA HOSPITALAR EM ATENDIMENTO SECUNDARIO A GESTACAO DE ALTO RISCO"
"49","261110","PE","ATENÇÃO HOSPITALAR DE REFERÊNCIA À GESTAÇÃO DE ALTO RISCO TIPO II"
"61","312160","MG","ATENÇÃO HOSPITALAR DE REFERÊNCIA À GESTAÇÃO DE ALTO RISCO TIPO II"
"60","431690","RS","ATENÇÃO HOSPITALAR DE REFERÊNCIA À GESTAÇÃO DE ALTO RISCO TIPO II"
"49","352440","SP","ATENÇÃO HOSPITALAR DE REFERÊNCIA À GESTAÇÃO DE ALTO RISCO TIPO II"
"54","351380","SP","ATENÇÃO HOSPITALAR DE REFERÊNCIA À GESTAÇÃO DE ALTO RISCO TIPO II"
"33","431560","RS","ATENÇÃO HOSPITALAR DE REFERÊNCIA À GESTAÇÃO DE ALTO RISCO TIPO II"
"61","220770","PI","ATENÇÃO HOSPITALAR DE REFERÊNCIA À GESTAÇÃO DE ALTO RISCO TIPO I"
"61","420890","SC","ATENÇÃO HOSPITALAR DE REFERÊNCIA À GESTAÇÃO DE ALTO RISCO TIPO I"
"3","351630","SP","ATENCAO HOSPITALAR DE REFERENCIA A GESTACAO DE ALTO RISCO TIPO I (GAR I)"
"6","510340","MT","ATENCAO HOSPITALAR DE REFERENCIA A GESTACAO DE ALTO RISCO TIPO II (GAR II)"
"9","530010","DF","ATENCAO HOSPITALAR DE REFERENCIA A GESTACAO DE ALTO RISCO TIPO II (GAR II)"
"3","412550","PR","ATENCAO HOSPITALAR DE REFERENCIA A GESTACAO DE ALTO RISCO TIPO II (GAR II)"
"3","354890","SP","ATENCAO HOSPITALAR DE REFERENCIA A GESTACAO DE ALTO RISCO TIPO II (GAR II)"
"11","311860","MG","CASA DA GESTANTE, BEBE E PUERPERA"
"1","317070","MG","ATENCAO HOSPITALAR DE REFERENCIA A GESTACAO DE ALTO RISCO TIPO II (GAR II)"
"252","355030","SP","REFERENCIA HOSPITALAR EM ATENDIMENTO SECUNDARIO A GESTACAO DE ALTO RISCO"
"395","431490","RS","ATENÇÃO HOSPITALAR DE REFERÊNCIA À GESTAÇÃO DE ALTO RISCO TIPO II"
"102","261160","PE","REFERENCIA HOSPITALAR EM ATENDIMENTO TERCIARIO A GESTACAO DE ALTO RISCO"
"24","316720","MG","REFERENCIA HOSPITALAR EM ATENDIMENTO SECUNDARIO A GESTACAO DE ALTO RISCO"
"24","420240","SC","REFERENCIA HOSPITALAR EM ATENDIMENTO TERCIARIO A GESTACAO DE ALTO RISCO"
"82","421870","SC","REFERENCIA HOSPITALAR EM ATENDIMENTO SECUNDARIO A GESTACAO DE ALTO RISCO"
"82","352240","SP","REFERENCIA HOSPITALAR EM ATENDIMENTO SECUNDARIO A GESTACAO DE ALTO RISCO"
"33","510792","MT","REFERENCIA HOSPITALAR EM ATENDIMENTO SECUNDARIO A GESTACAO DE ALTO RISCO"
"24","293330","BA","REFERENCIA HOSPITALAR EM ATENDIMENTO TERCIARIO A GESTACAO DE ALTO RISCO"
"79","350320","SP","ATENÇÃO HOSPITALAR DE REFERÊNCIA À GESTAÇÃO DE ALTO RISCO TIPO II"
"30","352440","SP","ATENÇÃO HOSPITALAR DE REFERÊNCIA À GESTAÇÃO DE ALTO RISCO TIPO I"
"33","291170","BA","REFERENCIA HOSPITALAR EM ATENDIMENTO SECUNDARIO A GESTACAO DE ALTO RISCO"
"32","313820","MG","ATENÇÃO HOSPITALAR DE REFERÊNCIA À GESTAÇÃO DE ALTO RISCO TIPO II"
"39","355030","SP","ATENCAO HOSPITALAR DE REFERENCIA A GESTACAO DE ALTO RISCO TIPO II (GAR II)"
"12","330455","RJ","ATENCAO HOSPITALAR DE REFERENCIA A GESTACAO DE ALTO RISCO TIPO II (GAR II)"
"6","500270","MS","ATENCAO HOSPITALAR DE REFERENCIA A GESTACAO DE ALTO RISCO TIPO II (GAR II)"
"3","310350","MG","ATENCAO HOSPITALAR DE REFERENCIA A GESTACAO DE ALTO RISCO TIPO II (GAR II)"
"3","220770","PI","ATENCAO HOSPITALAR DE REFERENCIA A GESTACAO DE ALTO RISCO TIPO II (GAR II)"
"3","421660","SC","ATENCAO HOSPITALAR DE REFERENCIA A GESTACAO DE ALTO RISCO TIPO I (GAR I)"
"3","316720","MG","ATENCAO HOSPITALAR DE REFERENCIA A GESTACAO DE ALTO RISCO TIPO II (GAR II)"
"11","330420","RJ","CASA DA GESTANTE, BEBE E PUERPERA"
"3","352530","SP","ATENCAO HOSPITALAR DE REFERENCIA A GESTACAO DE ALTO RISCO TIPO II (GAR II)"
"3","172100","TO","ATENCAO HOSPITALAR DE REFERENCIA A GESTACAO DE ALTO RISCO TIPO II (GAR II)"
"3","353800","SP","ATENCAO HOSPITALAR DE REFERENCIA A GESTACAO DE ALTO RISCO TIPO II (GAR II)"
"8","312230","MG","ATENÇÃO HOSPITALAR DE REFERÊNCIA À GESTAÇÃO DE ALTO RISCO TIPO II"
"128","230440","CE","REFERENCIA HOSPITALAR EM ATENDIMENTO TERCIARIO A GESTACAO DE ALTO RISCO"
"79","261640","PE","ATENÇÃO HOSPITALAR DE REFERÊNCIA À GESTAÇÃO DE ALTO RISCO TIPO II"
"79","317020","MG","ATENÇÃO HOSPITALAR DE REFERÊNCIA À GESTAÇÃO DE ALTO RISCO TIPO II"
"50","261160","PE","REFERENCIA HOSPITALAR EM ATENDIMENTO SECUNDARIO A GESTACAO DE ALTO RISCO"
"48","510340","MT","REFERENCIA HOSPITALAR EM ATENDIMENTO TERCIARIO A GESTACAO DE ALTO RISCO"
"81","330350","RJ","REFERENCIA HOSPITALAR EM ATENDIMENTO TERCIARIO A GESTACAO DE ALTO RISCO"
"48","211130","MA","REFERENCIA HOSPITALAR EM ATENDIMENTO TERCIARIO A GESTACAO DE ALTO RISCO"
"25","353870","SP","REFERENCIA HOSPITALAR EM ATENDIMENTO SECUNDARIO A GESTACAO DE ALTO RISCO"
"68","420820","SC","ATENÇÃO HOSPITALAR DE REFERÊNCIA À GESTAÇÃO DE ALTO RISCO TIPO II"
"82","411990","PR","REFERENCIA HOSPITALAR EM ATENDIMENTO SECUNDARIO A GESTACAO DE ALTO RISCO"
"24","120040","AC","REFERENCIA HOSPITALAR EM ATENDIMENTO TERCIARIO A GESTACAO DE ALTO RISCO"
"71","354870","SP","CASA DA GESTANTE, BEBE E PUERPERA"
"81","351620","SP","REFERENCIA HOSPITALAR EM ATENDIMENTO TERCIARIO A GESTACAO DE ALTO RISCO"
"178","292740","BA","ATENÇÃO HOSPITALAR DE REFERÊNCIA À GESTAÇÃO DE ALTO RISCO TIPO II"
"33","290320","BA","REFERENCIA HOSPITALAR EM ATENDIMENTO SECUNDARIO A GESTACAO DE ALTO RISCO"
"23","210530","MA","REFERENCIA HOSPITALAR EM ATENDIMENTO SECUNDARIO A GESTACAO DE ALTO RISCO"
"23","530060","DF","REFERENCIA HOSPITALAR EM ATENDIMENTO SECUNDARIO A GESTACAO DE ALTO RISCO"
"34","251080","PB","REFERENCIA HOSPITALAR EM ATENDIMENTO SECUNDARIO A GESTACAO DE ALTO RISCO"
"54","240800","RN","ATENÇÃO HOSPITALAR DE REFERÊNCIA À GESTAÇÃO DE ALTO RISCO TIPO II"
"182","310620","MG","CASA DA GESTANTE, BEBE E PUERPERA"
"63","320500","ES","ATENÇÃO HOSPITALAR DE REFERÊNCIA À GESTAÇÃO DE ALTO RISCO TIPO II"
"58","352220","SP","ATENÇÃO HOSPITALAR DE REFERÊNCIA À GESTAÇÃO DE ALTO RISCO TIPO II"
"54","315180","MG","ATENÇÃO HOSPITALAR DE REFERÊNCIA À GESTAÇÃO DE ALTO RISCO TIPO I"
"54","354390","SP","ATENÇÃO HOSPITALAR DE REFERÊNCIA À GESTAÇÃO DE ALTO RISCO TIPO II"
"61","311340","MG","ATENÇÃO HOSPITALAR DE REFERÊNCIA À GESTAÇÃO DE ALTO RISCO TIPO I"
"46","352930","SP","ATENÇÃO HOSPITALAR DE REFERÊNCIA À GESTAÇÃO DE ALTO RISCO TIPO II"
"36","530010","DF","CASA DA GESTANTE, BEBE E PUERPERA"
"3","315250","MG","ATENCAO HOSPITALAR DE REFERENCIA A GESTACAO DE ALTO RISCO TIPO II (GAR II)"
"3","432240","RS","ATENCAO HOSPITALAR DE REFERENCIA A GESTACAO DE ALTO RISCO TIPO II (GAR II)"
"6","354340","SP","ATENCAO HOSPITALAR DE REFERENCIA A GESTACAO DE ALTO RISCO TIPO II (GAR II)"
"9","130260","AM","ATENCAO HOSPITALAR DE REFERENCIA A GESTACAO DE ALTO RISCO TIPO II (GAR II)"
"3","411520","PR","ATENCAO HOSPITALAR DE REFERENCIA A GESTACAO DE ALTO RISCO TIPO II (GAR II)"
"3","420540","SC","ATENCAO HOSPITALAR DE REFERENCIA A GESTACAO DE ALTO RISCO TIPO II (GAR II)"
"1","330100","RJ","ATENCAO HOSPITALAR DE REFERENCIA A GESTACAO DE ALTO RISCO TIPO II (GAR II)"
"34","350760","SP","REFERENCIA HOSPITALAR EM ATENDIMENTO SECUNDARIO A GESTACAO DE ALTO RISCO"
"24","291480","BA","REFERENCIA HOSPITALAR EM ATENDIMENTO TERCIARIO A GESTACAO DE ALTO RISCO"
"138","270430","AL","REFERENCIA HOSPITALAR EM ATENDIMENTO SECUNDARIO A GESTACAO DE ALTO RISCO"
"33","351640","SP","REFERENCIA HOSPITALAR EM ATENDIMENTO SECUNDARIO A GESTACAO DE ALTO RISCO"
"82","317070","MG","CASA DA GESTANTE, BEBE E PUERPERA"
"81","354140","SP","REFERENCIA HOSPITALAR EM ATENDIMENTO TERCIARIO A GESTACAO DE ALTO RISCO"
"24","311860","MG","REFERENCIA HOSPITALAR EM ATENDIMENTO SECUNDARIO A GESTACAO DE ALTO RISCO"
"24","320150","ES","REFERENCIA HOSPITALAR EM ATENDIMENTO SECUNDARIO A GESTACAO DE ALTO RISCO"
"70","170210","TO","ATENÇÃO HOSPITALAR DE REFERÊNCIA À GESTAÇÃO DE ALTO RISCO TIPO II"
"63","410430","PR","ATENÇÃO HOSPITALAR DE REFERÊNCIA À GESTAÇÃO DE ALTO RISCO TIPO II"
"61","150170","PA","ATENÇÃO HOSPITALAR DE REFERÊNCIA À GESTAÇÃO DE ALTO RISCO TIPO I"
"13","317020","MG","ATENÇÃO HOSPITALAR DE REFERÊNCIA À GESTAÇÃO DE ALTO RISCO TIPO I"
"50","431340","RS","ATENÇÃO HOSPITALAR DE REFERÊNCIA À GESTAÇÃO DE ALTO RISCO TIPO II"
"6","270430","AL","ATENCAO HOSPITALAR DE REFERENCIA A GESTACAO DE ALTO RISCO TIPO II (GAR II)"
"3","315180","MG","ATENCAO HOSPITALAR DE REFERENCIA A GESTACAO DE ALTO RISCO TIPO I (GAR I)"
"3","320150","ES","ATENCAO HOSPITALAR DE REFERENCIA A GESTACAO DE ALTO RISCO TIPO II (GAR II)"
"11","250750","PB","CASA DA GESTANTE, BEBE E PUERPERA"
"3","420930","SC","ATENCAO HOSPITALAR DE REFERENCIA A GESTACAO DE ALTO RISCO TIPO II (GAR II)"
"3","350750","SP","ATENCAO HOSPITALAR DE REFERENCIA A GESTACAO DE ALTO RISCO TIPO II (GAR II)"
"3","351880","SP","ATENCAO HOSPITALAR DE REFERENCIA A GESTACAO DE ALTO RISCO TIPO II (GAR II)"
"3","410430","PR","ATENCAO HOSPITALAR DE REFERENCIA A GESTACAO DE ALTO RISCO TIPO II (GAR II)"
"67","231130","CE","CASA DA GESTANTE, BEBE E PUERPERA"
"79","421480","SC","ATENÇÃO HOSPITALAR DE REFERÊNCIA À GESTAÇÃO DE ALTO RISCO TIPO II"
"147","330455","RJ","REFERENCIA HOSPITALAR EM ATENDIMENTO TERCIARIO A GESTACAO DE ALTO RISCO"
"81","410690","PR","REFERENCIA HOSPITALAR EM ATENDIMENTO TERCIARIO A GESTACAO DE ALTO RISCO"
"71","355030","SP","CASA DA GESTANTE, BEBE E PUERPERA"
"30","314790","MG","REFERENCIA HOSPITALAR EM ATENDIMENTO TERCIARIO A GESTACAO DE ALTO RISCO"
"34","260600","PE","REFERENCIA HOSPITALAR EM ATENDIMENTO SECUNDARIO A GESTACAO DE ALTO RISCO"
"32","312770","MG","REFERENCIA HOSPITALAR EM ATENDIMENTO SECUNDARIO A GESTACAO DE ALTO RISCO"
"79","352900","SP","ATENÇÃO HOSPITALAR DE REFERÊNCIA À GESTAÇÃO DE ALTO RISCO TIPO II"
"54","316370","MG","ATENÇÃO HOSPITALAR DE REFERÊNCIA À GESTAÇÃO DE ALTO RISCO TIPO II"
"12","313670","MG","ATENÇÃO HOSPITALAR DE REFERÊNCIA À GESTAÇÃO DE ALTO RISCO TIPO I"
"3","210530","MA","ATENCAO HOSPITALAR DE REFERENCIA A GESTACAO DE ALTO RISCO TIPO II (GAR II)"
"3","350550","SP","ATENCAO HOSPITALAR DE REFERENCIA A GESTACAO DE ALTO RISCO TIPO I (GAR I)"
"3","251080","PB","ATENCAO HOSPITALAR DE REFERENCIA A GESTACAO DE ALTO RISCO TIPO II (GAR II)"
"6","353870","SP","ATENCAO HOSPITALAR DE REFERENCIA A GESTACAO DE ALTO RISCO TIPO II (GAR II)"
"3","313820","MG","ATENCAO HOSPITALAR DE REFERENCIA A GESTACAO DE ALTO RISCO TIPO II (GAR II)"
"3","410420","PR","ATENCAO HOSPITALAR DE REFERENCIA A GESTACAO DE ALTO RISCO TIPO II (GAR II)"
"3","231290","CE","ATENCAO HOSPITALAR DE REFERENCIA A GESTACAO DE ALTO RISCO TIPO II (GAR II)"
"3","352690","SP","ATENCAO HOSPITALAR DE REFERENCIA A GESTACAO DE ALTO RISCO TIPO II (GAR II)"
"3","311860","MG","ATENCAO HOSPITALAR DE REFERENCIA A GESTACAO DE ALTO RISCO TIPO II (GAR II)"
"3","150140","PA","ATENCAO HOSPITALAR DE REFERENCIA A GESTACAO DE ALTO RISCO TIPO II (GAR II)"
"82","240800","RN","REFERENCIA HOSPITALAR EM ATENDIMENTO SECUNDARIO A GESTACAO DE ALTO RISCO"
"79","353070","SP","ATENÇÃO HOSPITALAR DE REFERÊNCIA À GESTAÇÃO DE ALTO RISCO TIPO II"
"34","330010","RJ","REFERENCIA HOSPITALAR EM ATENDIMENTO SECUNDARIO A GESTACAO DE ALTO RISCO"
"57","240810","RN","REFERENCIA HOSPITALAR EM ATENDIMENTO TERCIARIO A GESTACAO DE ALTO RISCO"
"48","292740","BA","REFERENCIA HOSPITALAR EM ATENDIMENTO TERCIARIO A GESTACAO DE ALTO RISCO"
"81","330100","RJ","REFERENCIA HOSPITALAR EM ATENDIMENTO SECUNDARIO A GESTACAO DE ALTO RISCO"
"81","313510","MG","REFERENCIA HOSPITALAR EM ATENDIMENTO SECUNDARIO A GESTACAO DE ALTO RISCO"
"212","130260","AM","ATENÇÃO HOSPITALAR DE REFERÊNCIA À GESTAÇÃO DE ALTO RISCO TIPO II"
"79","316720","MG","ATENÇÃO HOSPITALAR DE REFERÊNCIA À GESTAÇÃO DE ALTO RISCO TIPO II"
"24","310670","MG","REFERENCIA HOSPITALAR EM ATENDIMENTO SECUNDARIO A GESTACAO DE ALTO RISCO"
"25","350400","SP","REFERENCIA HOSPITALAR EM ATENDIMENTO SECUNDARIO A GESTACAO DE ALTO RISCO"
"24","353870","SP","REFERENCIA HOSPITALAR EM ATENDIMENTO TERCIARIO A GESTACAO DE ALTO RISCO"
"24","317020","MG","REFERENCIA HOSPITALAR EM ATENDIMENTO TERCIARIO A GESTACAO DE ALTO RISCO"
"79","150140","PA","ATENÇÃO HOSPITALAR DE REFERÊNCIA À GESTAÇÃO DE ALTO RISCO TIPO II"
"82","211130","MA","CASA DA GESTANTE, BEBE E PUERPERA"
"24","316860","MG","REFERENCIA HOSPITALAR EM ATENDIMENTO SECUNDARIO A GESTACAO DE ALTO RISCO"
"81","351110","SP","REFERENCIA HOSPITALAR EM ATENDIMENTO TERCIARIO A GESTACAO DE ALTO RISCO"
"25","352220","SP","REFERENCIA HOSPITALAR EM ATENDIMENTO SECUNDARIO A GESTACAO DE ALTO RISCO"
"107","411520","PR","REFERENCIA HOSPITALAR EM ATENDIMENTO SECUNDARIO A GESTACAO DE ALTO RISCO"
"68","354870","SP","ATENÇÃO HOSPITALAR DE REFERÊNCIA À GESTAÇÃO DE ALTO RISCO TIPO II"
"24","354890","SP","REFERENCIA HOSPITALAR EM ATENDIMENTO TERCIARIO A GESTACAO DE ALTO RISCO"
"24","231290","CE","REFERENCIA HOSPITALAR EM ATENDIMENTO TERCIARIO A GESTACAO DE ALTO RISCO"
"33","317130","MG","REFERENCIA HOSPITALAR EM ATENDIMENTO SECUNDARIO A GESTACAO DE ALTO RISCO"
"73","170210","TO","CASA DA GESTANTE, BEBE E PUERPERA"
"112","510340","MT","ATENÇÃO HOSPITALAR DE REFERÊNCIA À GESTAÇÃO DE ALTO RISCO TIPO II"
"36","430780","RS","CASA DA GESTANTE, BEBE E PUERPERA"
"55","310160","MG","ATENÇÃO HOSPITALAR DE REFERÊNCIA À GESTAÇÃO DE ALTO RISCO TIPO I"
"35","220770","PI","CASA DA GESTANTE, BEBE E PUERPERA"
"153","530010","DF","ATENÇÃO HOSPITALAR DE REFERÊNCIA À GESTAÇÃO DE ALTO RISCO TIPO II"
"54","315250","MG","ATENÇÃO HOSPITALAR DE REFERÊNCIA À GESTAÇÃO DE ALTO RISCO TIPO II"
"54","314790","MG","ATENÇÃO HOSPITALAR DE REFERÊNCIA À GESTAÇÃO DE ALTO RISCO TIPO II"
"3","330620","RJ","ATENCAO HOSPITALAR DE REFERENCIA A GESTACAO DE ALTO RISCO TIPO II (GAR II)"
"3","352590","SP","ATENCAO HOSPITALAR DE REFERENCIA A GESTACAO DE ALTO RISCO TIPO I (GAR I)"
"3","354780","SP","ATENCAO HOSPITALAR DE REFERENCIA A GESTACAO DE ALTO RISCO TIPO II (GAR II)"
"3","431690","RS","ATENCAO HOSPITALAR DE REFERENCIA A GESTACAO DE ALTO RISCO TIPO II (GAR II)"
"3","220770","PI","ATENCAO HOSPITALAR DE REFERENCIA A GESTACAO DE ALTO RISCO TIPO I (GAR I)"
"3","317020","MG","ATENCAO HOSPITALAR DE REFERENCIA A GESTACAO DE ALTO RISCO TIPO I (GAR I)"
"11","314790","MG","CASA DA GESTANTE, BEBE E PUERPERA"
"3","354140","SP","ATENCAO HOSPITALAR DE REFERENCIA A GESTACAO DE ALTO RISCO TIPO I (GAR I)"
"14","270430","AL","ATENÇÃO HOSPITALAR DE REFERÊNCIA À GESTAÇÃO DE ALTO RISCO TIPO II"
"1","410140","PR","ATENCAO HOSPITALAR DE REFERENCIA A GESTACAO DE ALTO RISCO TIPO II (GAR II)"
"71","231130","CE","ATENÇÃO HOSPITALAR DE REFERÊNCIA À GESTAÇÃO DE ALTO RISCO TIPO II"
"78","421660","SC","ATENÇÃO HOSPITALAR DE REFERÊNCIA À GESTAÇÃO DE ALTO RISCO TIPO I"
"79","354850","SP","ATENÇÃO HOSPITALAR DE REFERÊNCIA À GESTAÇÃO DE ALTO RISCO TIPO II"
"76","350330","SP","ATENÇÃO HOSPITALAR DE REFERÊNCIA À GESTAÇÃO DE ALTO RISCO TIPO II"
"82","420910","SC","REFERENCIA HOSPITALAR EM ATENDIMENTO SECUNDARIO A GESTACAO DE ALTO RISCO"
"158","211130","MA","ATENÇÃO HOSPITALAR DE REFERÊNCIA À GESTAÇÃO DE ALTO RISCO TIPO II"
"79","352530","SP","ATENÇÃO HOSPITALAR DE REFERÊNCIA À GESTAÇÃO DE ALTO RISCO TIPO II"
"79","353440","SP","ATENÇÃO HOSPITALAR DE REFERÊNCIA À GESTAÇÃO DE ALTO RISCO TIPO II"
"24","250750","PB","REFERENCIA HOSPITALAR EM ATENDIMENTO TERCIARIO A GESTACAO DE ALTO RISCO"
"33","352590","SP","REFERENCIA HOSPITALAR EM ATENDIMENTO TERCIARIO A GESTACAO DE ALTO RISCO"
"24","316990","MG","REFERENCIA HOSPITALAR EM ATENDIMENTO SECUNDARIO A GESTACAO DE ALTO RISCO"
"66","313670","MG","REFERENCIA HOSPITALAR EM ATENDIMENTO SECUNDARIO A GESTACAO DE ALTO RISCO"
"124","330455","RJ","ATENÇÃO HOSPITALAR DE REFERÊNCIA À GESTAÇÃO DE ALTO RISCO TIPO I"
"284","261160","PE","ATENÇÃO HOSPITALAR DE REFERÊNCIA À GESTAÇÃO DE ALTO RISCO TIPO II"
"96","520870","GO","ATENÇÃO HOSPITALAR DE REFERÊNCIA À GESTAÇÃO DE ALTO RISCO TIPO II"
"55","410420","PR","ATENÇÃO HOSPITALAR DE REFERÊNCIA À GESTAÇÃO DE ALTO RISCO TIPO II"
"45","420930","SC","CASA DA GESTANTE, BEBE E PUERPERA"
"3","350320","SP","ATENCAO HOSPITALAR DE REFERENCIA A GESTACAO DE ALTO RISCO TIPO II (GAR II)"
"3","351380","SP","ATENCAO HOSPITALAR DE REFERENCIA A GESTACAO DE ALTO RISCO TIPO II (GAR II)"
"9","250750","PB","ATENCAO HOSPITALAR DE REFERENCIA A GESTACAO DE ALTO RISCO TIPO II (GAR II)"
"3","210300","MA","ATENCAO HOSPITALAR DE REFERENCIA A GESTACAO DE ALTO RISCO TIPO II (GAR II)"
"11","353620","SP","CASA DA GESTANTE, BEBE E PUERPERA"
"3","316370","MG","ATENCAO HOSPITALAR DE REFERENCIA A GESTACAO DE ALTO RISCO TIPO II (GAR II)"
"3","420480","SC","ATENCAO HOSPITALAR DE REFERENCIA A GESTACAO DE ALTO RISCO TIPO II (GAR II)"
"3","421480","SC","ATENCAO HOSPITALAR DE REFERENCIA A GESTACAO DE ALTO RISCO TIPO II (GAR II)"
"24","231130","CE","REFERENCIA HOSPITALAR EM ATENDIMENTO SECUNDARIO A GESTACAO DE ALTO RISCO"
"79","352940","SP","ATENÇÃO HOSPITALAR DE REFERÊNCIA À GESTAÇÃO DE ALTO RISCO TIPO I"
"82","260410","PE","REFERENCIA HOSPITALAR EM ATENDIMENTO SECUNDARIO A GESTACAO DE ALTO RISCO"
"33","291480","BA","REFERENCIA HOSPITALAR EM ATENDIMENTO SECUNDARIO A GESTACAO DE ALTO RISCO"
"139","354340","SP","ATENÇÃO HOSPITALAR DE REFERÊNCIA À GESTAÇÃO DE ALTO RISCO TIPO II"
"33","330390","RJ","REFERENCIA HOSPITALAR EM ATENDIMENTO TERCIARIO A GESTACAO DE ALTO RISCO"
"79","350400","SP","ATENÇÃO HOSPITALAR DE REFERÊNCIA À GESTAÇÃO DE ALTO RISCO TIPO II"
"158","353870","SP","ATENÇÃO HOSPITALAR DE REFERÊNCIA À GESTAÇÃO DE ALTO RISCO TIPO II"
"48","530010","DF","REFERENCIA HOSPITALAR EM ATENDIMENTO TERCIARIO A GESTACAO DE ALTO RISCO"
"33","510250","MT","REFERENCIA HOSPITALAR EM ATENDIMENTO SECUNDARIO A GESTACAO DE ALTO RISCO"
"79","410690","PR","ATENÇÃO HOSPITALAR DE REFERÊNCIA À GESTAÇÃO DE ALTO RISCO TIPO II"
"24","230410","CE","REFERENCIA HOSPITALAR EM ATENDIMENTO TERCIARIO A GESTACAO DE ALTO RISCO"
"82","353060","SP","REFERENCIA HOSPITALAR EM ATENDIMENTO SECUNDARIO A GESTACAO DE ALTO RISCO"
"24","410420","PR","REFERENCIA HOSPITALAR EM ATENDIMENTO TERCIARIO A GESTACAO DE ALTO RISCO"
"66","350950","SP","REFERENCIA HOSPITALAR EM ATENDIMENTO TERCIARIO A GESTACAO DE ALTO RISCO"
"50","432240","RS","ATENÇÃO HOSPITALAR DE REFERÊNCIA À GESTAÇÃO DE ALTO RISCO TIPO II"
"228","330455","RJ","ATENÇÃO HOSPITALAR DE REFERÊNCIA À GESTAÇÃO DE ALTO RISCO TIPO II"
"55","316860","MG","ATENÇÃO HOSPITALAR DE REFERÊNCIA À GESTAÇÃO DE ALTO RISCO TIPO II"
"56","420930","SC","ATENÇÃO HOSPITALAR DE REFERÊNCIA À GESTAÇÃO DE ALTO RISCO TIPO II"
"35","350320","SP","CASA DA GESTANTE, BEBE E PUERPERA"
"32","220770","PI","ATENÇÃO HOSPITALAR DE REFERÊNCIA À GESTAÇÃO DE ALTO RISCO TIPO II"
"54","293330","BA","ATENÇÃO HOSPITALAR DE REFERÊNCIA À GESTAÇÃO DE ALTO RISCO TIPO II"
"55","412810","PR","ATENÇÃO HOSPITALAR DE REFERÊNCIA À GESTAÇÃO DE ALTO RISCO TIPO II"
"58","310350","MG","ATENÇÃO HOSPITALAR DE REFERÊNCIA À GESTAÇÃO DE ALTO RISCO TIPO II"
"56","410940","PR","ATENÇÃO HOSPITALAR DE REFERÊNCIA À GESTAÇÃO DE ALTO RISCO TIPO II"
"61","411520","PR","ATENÇÃO HOSPITALAR DE REFERÊNCIA À GESTAÇÃO DE ALTO RISCO TIPO II"
"15","431490","RS","ATENCAO HOSPITALAR DE REFERENCIA A GESTACAO DE ALTO RISCO TIPO II (GAR II)"
"3","510760","MT","ATENCAO HOSPITALAR DE REFERENCIA A GESTACAO DE ALTO RISCO TIPO II (GAR II)"
"3","350280","SP","ATENCAO HOSPITALAR DE REFERENCIA A GESTACAO DE ALTO RISCO TIPO II (GAR II)"
"9","292740","BA","ATENCAO HOSPITALAR DE REFERENCIA A GESTACAO DE ALTO RISCO TIPO II (GAR II)"
"3","352930","SP","ATENCAO HOSPITALAR DE REFERENCIA A GESTACAO DE ALTO RISCO TIPO II (GAR II)"
"3","353620","SP","ATENCAO HOSPITALAR DE REFERENCIA A GESTACAO DE ALTO RISCO TIPO I (GAR I)"
"3","310560","MG","ATENCAO HOSPITALAR DE REFERENCIA A GESTACAO DE ALTO RISCO TIPO II (GAR II)"
"3","430780","RS","ATENCAO HOSPITALAR DE REFERENCIA A GESTACAO DE ALTO RISCO TIPO I (GAR I)"
"3","280030","SE","ATENCAO HOSPITALAR DE REFERENCIA A GESTACAO DE ALTO RISCO TIPO II (GAR II)"
"3","292740","BA","ATENCAO HOSPITALAR DE REFERENCIA A GESTACAO DE ALTO RISCO TIPO I (GAR I)"
"3","110020","RO","ATENCAO HOSPITALAR DE REFERENCIA A GESTACAO DE ALTO RISCO TIPO II (GAR II)"
"8","251080","PB","ATENÇÃO HOSPITALAR DE REFERÊNCIA À GESTAÇÃO DE ALTO RISCO TIPO II"
"1","420420","SC","ATENCAO HOSPITALAR DE REFERENCIA A GESTACAO DE ALTO RISCO TIPO II (GAR II)"
"330","355030","SP","REFERENCIA HOSPITALAR EM ATENDIMENTO TERCIARIO A GESTACAO DE ALTO RISCO"
"79","510760","MT","ATENÇÃO HOSPITALAR DE REFERÊNCIA À GESTAÇÃO DE ALTO RISCO TIPO II"
"79","292740","BA","ATENÇÃO HOSPITALAR DE REFERÊNCIA À GESTAÇÃO DE ALTO RISCO TIPO I"
"79","412550","PR","ATENÇÃO HOSPITALAR DE REFERÊNCIA À GESTAÇÃO DE ALTO RISCO TIPO II"
"24","310560","MG","REFERENCIA HOSPITALAR EM ATENDIMENTO SECUNDARIO A GESTACAO DE ALTO RISCO"
"82","240325","RN","CASA DA GESTANTE, BEBE E PUERPERA"
"81","420420","SC","REFERENCIA HOSPITALAR EM ATENDIMENTO SECUNDARIO A GESTACAO DE ALTO RISCO"
"82","420480","SC","CASA DA GESTANTE, BEBE E PUERPERA"
"24","316370","MG","REFERENCIA HOSPITALAR EM ATENDIMENTO SECUNDARIO A GESTACAO DE ALTO RISCO"
"24","520870","GO","REFERENCIA HOSPITALAR EM ATENDIMENTO TERCIARIO A GESTACAO DE ALTO RISCO"
"214","250750","PB","ATENÇÃO HOSPITALAR DE REFERÊNCIA À GESTAÇÃO DE ALTO RISCO TIPO II"
"79","351300","SP","ATENÇÃO HOSPITALAR DE REFERÊNCIA À GESTAÇÃO DE ALTO RISCO TIPO II"
"79","240810","RN","ATENÇÃO HOSPITALAR DE REFERÊNCIA À GESTAÇÃO DE ALTO RISCO TIPO II"
"57","150080","PA","ATENÇÃO HOSPITALAR DE REFERÊNCIA À GESTAÇÃO DE ALTO RISCO TIPO II"
"51","221100","PI","CASA DA GESTANTE, BEBE E PUERPERA"
"55","313240","MG","ATENÇÃO HOSPITALAR DE REFERÊNCIA À GESTAÇÃO DE ALTO RISCO TIPO II"
"3","352940","SP","ATENCAO HOSPITALAR DE REFERENCIA A GESTACAO DE ALTO RISCO TIPO I (GAR I)"
"3","420820","SC","ATENCAO HOSPITALAR DE REFERENCIA A GESTACAO DE ALTO RISCO TIPO II (GAR II)"
"3","431560","RS","ATENCAO HOSPITALAR DE REFERENCIA A GESTACAO DE ALTO RISCO TIPO II (GAR II)"
"3","354390","SP","ATENCAO HOSPITALAR DE REFERENCIA A GESTACAO DE ALTO RISCO TIPO II (GAR II)"
"3","231130","CE","ATENCAO HOSPITALAR DE REFERENCIA A GESTACAO DE ALTO RISCO TIPO II (GAR II)"
"3","352220","SP","ATENCAO HOSPITALAR DE REFERENCIA A GESTACAO DE ALTO RISCO TIPO II (GAR II)"
"3","150170","PA","ATENCAO HOSPITALAR DE REFERENCIA A GESTACAO DE ALTO RISCO TIPO I (GAR I)"
"3","310670","MG","ATENCAO HOSPITALAR DE REFERENCIA A GESTACAO DE ALTO RISCO TIPO II (GAR II)"
"82","172100","TO","CASA DA GESTANTE, BEBE E PUERPERA"
"24","354850","SP","REFERENCIA HOSPITALAR EM ATENDIMENTO TERCIARIO A GESTACAO DE ALTO RISCO"
"24","313240","MG","REFERENCIA HOSPITALAR EM ATENDIMENTO SECUNDARIO A GESTACAO DE ALTO RISCO"
"32","320120","ES","REFERENCIA HOSPITALAR EM ATENDIMENTO TERCIARIO A GESTACAO DE ALTO RISCO"
"72","310620","MG","REFERENCIA HOSPITALAR EM ATENDIMENTO TERCIARIO A GESTACAO DE ALTO RISCO"
"99","292740","BA","REFERENCIA HOSPITALAR EM ATENDIMENTO SECUNDARIO A GESTACAO DE ALTO RISCO"
"76","350750","SP","ATENÇÃO HOSPITALAR DE REFERÊNCIA À GESTAÇÃO DE ALTO RISCO TIPO II"
"79","317010","MG","ATENÇÃO HOSPITALAR DE REFERÊNCIA À GESTAÇÃO DE ALTO RISCO TIPO II"
"34","260120","PE","REFERENCIA HOSPITALAR EM ATENDIMENTO SECUNDARIO A GESTACAO DE ALTO RISCO"
"33","211220","MA","REFERENCIA HOSPITALAR EM ATENDIMENTO SECUNDARIO A GESTACAO DE ALTO RISCO"
"57","352900","SP","REFERENCIA HOSPITALAR EM ATENDIMENTO TERCIARIO A GESTACAO DE ALTO RISCO"
"82","353620","SP","REFERENCIA HOSPITALAR EM ATENDIMENTO SECUNDARIO A GESTACAO DE ALTO RISCO"
"55","231290","CE","ATENÇÃO HOSPITALAR DE REFERÊNCIA À GESTAÇÃO DE ALTO RISCO TIPO II"
"40","500370","MS","CASA DA GESTANTE, BEBE E PUERPERA"
"64","316990","MG","CASA DA GESTANTE, BEBE E PUERPERA"
"38","230440","CE","CASA DA GESTANTE, BEBE E PUERPERA"
"6","411370","PR","ATENCAO HOSPITALAR DE REFERENCIA A GESTACAO DE ALTO RISCO TIPO II (GAR II)"
"3","351870","SP","ATENCAO HOSPITALAR DE REFERENCIA A GESTACAO DE ALTO RISCO TIPO I (GAR I)"
"3","313670","MG","ATENCAO HOSPITALAR DE REFERENCIA A GESTACAO DE ALTO RISCO TIPO II (GAR II)"
"3","316860","MG","ATENCAO HOSPITALAR DE REFERENCIA A GESTACAO DE ALTO RISCO TIPO II (GAR II)"
"3","314800","MG","ATENCAO HOSPITALAR DE REFERENCIA A GESTACAO DE ALTO RISCO TIPO II (GAR II)"
"3","352900","SP","ATENCAO HOSPITALAR DE REFERENCIA A GESTACAO DE ALTO RISCO TIPO II (GAR II)"
"3","355280","SP","ATENCAO HOSPITALAR DE REFERENCIA A GESTACAO DE ALTO RISCO TIPO II (GAR II)"
"3","316990","MG","ATENCAO HOSPITALAR DE REFERENCIA A GESTACAO DE ALTO RISCO TIPO II (GAR II)"
"3","420890","SC","ATENCAO HOSPITALAR DE REFERENCIA A GESTACAO DE ALTO RISCO TIPO I (GAR I)"
"3","352440","SP","ATENCAO HOSPITALAR DE REFERENCIA A GESTACAO DE ALTO RISCO TIPO II (GAR II)"
"79","172100","TO","ATENÇÃO HOSPITALAR DE REFERÊNCIA À GESTAÇÃO DE ALTO RISCO TIPO II"
"831","355030","SP","ATENÇÃO HOSPITALAR DE REFERÊNCIA À GESTAÇÃO DE ALTO RISCO TIPO II"
"24","510760","MT","REFERENCIA HOSPITALAR EM ATENDIMENTO SECUNDARIO A GESTACAO DE ALTO RISCO"
"79","351880","SP","ATENÇÃO HOSPITALAR DE REFERÊNCIA À GESTAÇÃO DE ALTO RISCO TIPO II"
"24","230190","CE","REFERENCIA HOSPITALAR EM ATENDIMENTO SECUNDARIO A GESTACAO DE ALTO RISCO"
"34","350280","SP","REFERENCIA HOSPITALAR EM ATENDIMENTO SECUNDARIO A GESTACAO DE ALTO RISCO"
"33","330330","RJ","REFERENCIA HOSPITALAR EM ATENDIMENTO TERCIARIO A GESTACAO DE ALTO RISCO"
"79","352690","SP","ATENÇÃO HOSPITALAR DE REFERÊNCIA À GESTAÇÃO DE ALTO RISCO TIPO II"
"34","330420","RJ","REFERENCIA HOSPITALAR EM ATENDIMENTO SECUNDARIO A GESTACAO DE ALTO RISCO"
"24","150140","PA","REFERENCIA HOSPITALAR EM ATENDIMENTO TERCIARIO A GESTACAO DE ALTO RISCO"
"25","280030","SE","REFERENCIA HOSPITALAR EM ATENDIMENTO SECUNDARIO A GESTACAO DE ALTO RISCO"
"25","250750","PB","REFERENCIA HOSPITALAR EM ATENDIMENTO SECUNDARIO A GESTACAO DE ALTO RISCO"
"33","291080","BA","REFERENCIA HOSPITALAR EM ATENDIMENTO SECUNDARIO A GESTACAO DE ALTO RISCO"
"25","351300","SP","REFERENCIA HOSPITALAR EM ATENDIMENTO SECUNDARIO A GESTACAO DE ALTO RISCO"
"33","312230","MG","REFERENCIA HOSPITALAR EM ATENDIMENTO TERCIARIO A GESTACAO DE ALTO RISCO"
"367","310620","MG","ATENÇÃO HOSPITALAR DE REFERÊNCIA À GESTAÇÃO DE ALTO RISCO TIPO II"
"58","221100","PI","ATENÇÃO HOSPITALAR DE REFERÊNCIA À GESTAÇÃO DE ALTO RISCO TIPO II"
"61","314330","MG","ATENÇÃO HOSPITALAR DE REFERÊNCIA À GESTAÇÃO DE ALTO RISCO TIPO II"
"56","311860","MG","ATENÇÃO HOSPITALAR DE REFERÊNCIA À GESTAÇÃO DE ALTO RISCO TIPO II"
"61","320150","ES","ATENÇÃO HOSPITALAR DE REFERÊNCIA À GESTAÇÃO DE ALTO RISCO TIPO II"
"22","352590","SP","ATENÇÃO HOSPITALAR DE REFERÊNCIA À GESTAÇÃO DE ALTO RISCO TIPO I"
"6","230440","CE","ATENCAO HOSPITALAR DE REFERENCIA A GESTACAO DE ALTO RISCO TIPO II (GAR II)"
"3","312160","MG","ATENCAO HOSPITALAR DE REFERENCIA A GESTACAO DE ALTO RISCO TIPO II (GAR II)"
"3","352250","SP","ATENCAO HOSPITALAR DE REFERENCIA A GESTACAO DE ALTO RISCO TIPO II (GAR II)"
"3","310160","MG","ATENCAO HOSPITALAR DE REFERENCIA A GESTACAO DE ALTO RISCO TIPO I (GAR I)"
"3","240800","RN","ATENCAO HOSPITALAR DE REFERENCIA A GESTACAO DE ALTO RISCO TIPO II (GAR II)"
"3","260410","PE","ATENCAO HOSPITALAR DE REFERENCIA A GESTACAO DE ALTO RISCO TIPO I (GAR I)"
"3","291480","BA","ATENCAO HOSPITALAR DE REFERENCIA A GESTACAO DE ALTO RISCO TIPO II (GAR II)"
"3","410690","PR","ATENCAO HOSPITALAR DE REFERENCIA A GESTACAO DE ALTO RISCO TIPO II (GAR II)"
"3","150170","PA","ATENCAO HOSPITALAR DE REFERENCIA A GESTACAO DE ALTO RISCO TIPO II (GAR II)"
"3","354870","SP","ATENCAO HOSPITALAR DE REFERENCIA A GESTACAO DE ALTO RISCO TIPO II (GAR II)"
"3","261110","PE","ATENCAO HOSPITALAR DE REFERENCIA A GESTACAO DE ALTO RISCO TIPO II (GAR II)"
"8","353620","SP","ATENÇÃO HOSPITALAR DE REFERÊNCIA À GESTAÇÃO DE ALTO RISCO TIPO I"
